Conan The Barbarian,1.436697,0,1.95,1.0092
Interstellar,2.239749,1,2,1.67
transcendence,2.810812,0,2,1.03
pompeii,1.160572,0,1.9,1.01
legendsOfOz,1.739445,0,1.85,0.57
Amazing Spiderman,1.642628,1,2.36,1.79
jack the giant slayer,1.31264,0,2.3,1.43
annabelle,0.346524,0,0.81,1.57
labour day,1.169531,0,1.25,0.71
american sniper,2.354649,1,1.77,1.95
avengers,2.66764,1,2.34,2.31
ripd,1.49146,0,2.11,1.1
jupiter ascending,2.679768,0,2.24,1.26
lego,2.7273,1,1.778,1.8388
